defect_id,product_id,defect_type,defect_date,defect_location,severity,inspection_method,repair_cost,cluster
1,15,Structural,6/6/2024,Component,Minor,Visual Inspection,245.47,1
2,6,Functional,4/26/2024,Component,Minor,Visual Inspection,26.87,1
3,84,Structural,2/15/2024,Internal,Minor,Automated Testing,835.81,3
4,10,Functional,3/28/2024,Internal,Critical,Automated Testing,444.47,3
5,14,Cosmetic,4/26/2024,Component,Minor,Manual Testing,823.64,0
6,17,Functional,5/11/2024,Internal,Moderate,Visual Inspection,788.11,5
7,85,Cosmetic,5/23/2024,Internal,Critical,Manual Testing,33.68,0
8,90,Structural,1/15/2024,Internal,Moderate,Manual Testing,65.56,4
9,30,Structural,1/26/2024,Component,Critical,Manual Testing,848.61,4
10,20,Structural,6/5/2024,Component,Critical,Visual Inspection,478.48,1
11,45,Structural,4/28/2024,Surface,Moderate,Automated Testing,217.96,6
12,86,Structural,2/25/2024,Component,Minor,Manual Testing,485.02,4
13,87,Cosmetic,6/20/2024,Component,Minor,Visual Inspection,714.63,1
14,72,Cosmetic,5/8/2024,Surface,Critical,Manual Testing,603.94,0
15,74,Cosmetic,5/3/2024,Component,Critical,Manual Testing,189.55,0
16,10,Functional,1/20/2024,Component,Minor,Automated Testing,458.79,2
17,53,Structural,5/14/2024,Internal,Minor,Visual Inspection,509.35,4
18,63,Cosmetic,5/21/2024,Component,Critical,Visual Inspection,538.99,1
19,28,Functional,2/15/2024,Internal,Critical,Manual Testing,34.93,5
20,81,Structural,5/25/2024,Internal,Moderate,Manual Testing,557.11,4
21,67,Functional,5/3/2024,Surface,Minor,Visual Inspection,831.43,5
22,6,Structural,3/6/2024,Surface,Minor,Visual Inspection,504.9,4
23,33,Structural,5/6/2024,Surface,Moderate,Automated Testing,349.23,6
24,15,Structural,2/23/2024,Component,Critical,Visual Inspection,560.39,1
25,13,Cosmetic,2/19/2024,Surface,Moderate,Manual Testing,629.71,0
26,39,Structural,6/15/2024,Component,Moderate,Visual Inspection,975.44,1
27,60,Cosmetic,5/8/2024,Component,Moderate,Manual Testing,737.54,0
28,42,Structural,1/2/2024,Component,Critical,Manual Testing,592.87,4
29,3,Structural,1/13/2024,Component,Moderate,Automated Testing,99.82,2
30,17,Functional,1/22/2024,Surface,Critical,Visual Inspection,106.34,5
31,30,Structural,4/30/2024,Surface,Critical,Automated Testing,352.58,6
32,25,Structural,3/29/2024,Surface,Moderate,Visual Inspection,734.12,4
33,14,Cosmetic,5/15/2024,Internal,Minor,Visual Inspection,953.54,0
34,58,Structural,6/19/2024,Surface,Critical,Manual Testing,753.89,4
35,48,Functional,4/4/2024,Component,Critical,Automated Testing,955.91,2
36,20,Structural,6/4/2024,Surface,Critical,Automated Testing,776.91,6
37,68,Cosmetic,1/20/2024,Internal,Critical,Manual Testing,607.96,0
38,51,Functional,6/8/2024,Internal,Moderate,Automated Testing,107.7,3
39,12,Functional,6/25/2024,Internal,Critical,Manual Testing,27.24,5
40,92,Cosmetic,1/6/2024,Surface,Critical,Visual Inspection,370.83,0
41,63,Functional,3/11/2024,Component,Minor,Manual Testing,526.08,5
42,49,Functional,5/18/2024,Surface,Critical,Automated Testing,144.38,6
43,72,Cosmetic,3/23/2024,Surface,Moderate,Visual Inspection,534.33,0
44,24,Structural,5/18/2024,Surface,Minor,Visual Inspection,456.8,4
45,64,Functional,5/27/2024,Surface,Minor,Automated Testing,215.01,6
46,36,Structural,4/24/2024,Surface,Moderate,Manual Testing,824.3,4
47,79,Structural,2/14/2024,Component,Critical,Manual Testing,769.28,4
48,36,Structural,1/3/2024,Component,Moderate,Manual Testing,160.25,4
49,65,Functional,2/24/2024,Component,Minor,Automated Testing,386.17,2
50,9,Functional,1/6/2024,Component,Moderate,Manual Testing,572.08,5
51,10,Structural,6/26/2024,Internal,Minor,Visual Inspection,433.85,4
52,7,Structural,5/19/2024,Surface,Minor,Manual Testing,338.1,4
53,81,Functional,1/3/2024,Surface,Critical,Automated Testing,93.13,6
54,62,Cosmetic,5/14/2024,Component,Moderate,Visual Inspection,308.37,1
55,29,Structural,3/23/2024,Internal,Critical,Automated Testing,396.58,3
56,73,Structural,1/19/2024,Surface,Minor,Automated Testing,957.6,6
57,86,Structural,3/6/2024,Internal,Moderate,Automated Testing,205.19,3
58,5,Cosmetic,5/25/2024,Component,Critical,Manual Testing,300.27,0
59,79,Structural,3/10/2024,Internal,Critical,Automated Testing,671.22,3
60,87,Functional,2/18/2024,Surface,Minor,Visual Inspection,395.1,5
61,60,Structural,6/11/2024,Component,Critical,Visual Inspection,675.89,1
62,43,Cosmetic,3/8/2024,Component,Moderate,Visual Inspection,523.02,1
63,52,Structural,1/2/2024,Surface,Critical,Manual Testing,337.5,4
64,2,Cosmetic,1/11/2024,Surface,Minor,Automated Testing,830.89,6
65,22,Functional,4/16/2024,Component,Critical,Visual Inspection,84.97,1
66,31,Functional,5/24/2024,Internal,Minor,Visual Inspection,771.96,5
67,87,Functional,3/15/2024,Internal,Minor,Automated Testing,46.43,3
68,11,Cosmetic,4/16/2024,Internal,Minor,Automated Testing,31.91,3
69,33,Cosmetic,5/19/2024,Component,Moderate,Automated Testing,845.8,2
70,17,Functional,2/19/2024,Component,Minor,Manual Testing,729.55,5
71,71,Cosmetic,3/5/2024,Surface,Moderate,Automated Testing,187.03,6
72,35,Structural,6/29/2024,Component,Moderate,Automated Testing,470.35,2
73,15,Functional,5/20/2024,Internal,Minor,Visual Inspection,662.35,5
74,43,Functional,4/4/2024,Component,Critical,Visual Inspection,509.97,1
75,2,Functional,1/3/2024,Component,Critical,Manual Testing,352.33,5
76,36,Functional,3/27/2024,Surface,Minor,Manual Testing,228.22,5
77,64,Functional,2/6/2024,Component,Critical,Manual Testing,632.45,5
78,28,Functional,6/20/2024,Component,Critical,Automated Testing,975.87,2
79,69,Structural,3/23/2024,Internal,Moderate,Visual Inspection,967.14,4
80,75,Structural,1/11/2024,Surface,Moderate,Automated Testing,992.69,6
81,69,Functional,3/14/2024,Surface,Minor,Manual Testing,827.74,5
82,74,Structural,4/2/2024,Component,Critical,Automated Testing,270.97,2
83,69,Structural,4/11/2024,Surface,Critical,Visual Inspection,712.98,4
84,11,Structural,6/24/2024,Component,Critical,Manual Testing,556.05,4
85,92,Structural,4/27/2024,Component,Minor,Manual Testing,200.11,4
86,70,Structural,1/14/2024,Component,Moderate,Automated Testing,660.05,2
87,22,Structural,1/21/2024,Component,Moderate,Manual Testing,220.96,4
88,9,Functional,2/9/2024,Component,Critical,Visual Inspection,776.54,1
89,6,Functional,5/1/2024,Surface,Moderate,Visual Inspection,920.26,5
90,58,Structural,2/17/2024,Internal,Moderate,Visual Inspection,492.22,4
91,98,Cosmetic,3/7/2024,Surface,Critical,Manual Testing,513.45,0
92,93,Functional,6/30/2024,Component,Moderate,Automated Testing,286.28,2
93,10,Functional,4/1/2024,Surface,Minor,Automated Testing,698.89,6
94,72,Cosmetic,2/2/2024,Internal,Critical,Visual Inspection,555.25,0
95,36,Cosmetic,5/16/2024,Component,Moderate,Manual Testing,465.92,0
96,11,Structural,3/8/2024,Component,Critical,Manual Testing,732.13,4
97,56,Structural,3/15/2024,Component,Moderate,Automated Testing,582.46,2
98,67,Cosmetic,3/10/2024,Component,Moderate,Visual Inspection,647.7,1
99,67,Structural,4/8/2024,Component,Critical,Visual Inspection,536.57,1
100,8,Functional,4/24/2024,Surface,Minor,Visual Inspection,673.85,5
101,27,Structural,1/25/2024,Internal,Minor,Manual Testing,871.1,4
102,79,Structural,6/25/2024,Internal,Critical,Visual Inspection,973.66,4
103,87,Functional,5/31/2024,Internal,Critical,Visual Inspection,787.42,5
104,1,Structural,6/25/2024,Surface,Minor,Manual Testing,338.48,4
105,49,Structural,4/30/2024,Component,Critical,Visual Inspection,922.07,1
106,9,Functional,5/14/2024,Surface,Moderate,Manual Testing,137.41,5
107,63,Structural,6/28/2024,Surface,Critical,Automated Testing,17.89,6
108,97,Cosmetic,1/26/2024,Surface,Moderate,Manual Testing,210.3,0
109,1,Cosmetic,2/22/2024,Component,Critical,Automated Testing,978.5,2
110,44,Functional,3/5/2024,Surface,Minor,Visual Inspection,381.15,5
111,27,Structural,5/6/2024,Component,Moderate,Manual Testing,302.42,4
112,9,Cosmetic,1/12/2024,Component,Minor,Automated Testing,813.46,2
113,67,Cosmetic,4/8/2024,Surface,Minor,Automated Testing,998.27,6
114,83,Functional,1/25/2024,Component,Critical,Manual Testing,498.47,5
115,66,Functional,4/30/2024,Internal,Moderate,Visual Inspection,362.23,5
116,36,Cosmetic,1/9/2024,Internal,Critical,Visual Inspection,194.79,0
117,64,Cosmetic,1/11/2024,Surface,Moderate,Visual Inspection,677.65,0
118,66,Structural,4/10/2024,Surface,Critical,Manual Testing,310.8,4
119,99,Structural,3/5/2024,Surface,Minor,Visual Inspection,717.21,4
120,80,Functional,3/8/2024,Component,Critical,Manual Testing,641.58,5
121,86,Structural,6/9/2024,Internal,Minor,Manual Testing,520.84,4
122,51,Structural,4/16/2024,Surface,Critical,Manual Testing,271.18,4
123,79,Cosmetic,2/4/2024,Internal,Minor,Manual Testing,657.81,0
124,100,Functional,3/27/2024,Internal,Moderate,Manual Testing,620.66,5
125,86,Cosmetic,3/10/2024,Surface,Critical,Visual Inspection,533.03,0
126,29,Structural,2/1/2024,Surface,Minor,Visual Inspection,21.77,4
127,68,Cosmetic,5/19/2024,Surface,Minor,Manual Testing,302.22,0
128,92,Cosmetic,3/2/2024,Internal,Moderate,Automated Testing,895.38,3
129,14,Cosmetic,6/20/2024,Surface,Critical,Visual Inspection,241.61,0
130,72,Cosmetic,4/6/2024,Internal,Critical,Automated Testing,878.46,3
131,61,Functional,5/15/2024,Internal,Critical,Visual Inspection,268.08,5
132,63,Structural,4/23/2024,Surface,Critical,Visual Inspection,492.32,4
133,86,Structural,3/20/2024,Surface,Moderate,Manual Testing,379.78,4
134,98,Cosmetic,2/3/2024,Surface,Moderate,Visual Inspection,498.71,0
135,61,Cosmetic,2/15/2024,Internal,Moderate,Automated Testing,379.01,3
136,67,Functional,2/21/2024,Internal,Minor,Automated Testing,79.52,3
137,2,Functional,4/19/2024,Internal,Critical,Automated Testing,602.25,3
138,11,Structural,3/5/2024,Component,Critical,Automated Testing,575.71,2
139,58,Cosmetic,6/24/2024,Surface,Critical,Visual Inspection,760.33,0
140,68,Functional,4/4/2024,Internal,Critical,Manual Testing,955.54,5
141,28,Cosmetic,1/6/2024,Internal,Minor,Visual Inspection,679.88,0
142,63,Structural,3/25/2024,Internal,Critical,Visual Inspection,71.91,4
143,100,Functional,5/27/2024,Internal,Moderate,Manual Testing,916.79,5
144,45,Cosmetic,6/18/2024,Internal,Moderate,Manual Testing,558.34,0
145,25,Structural,1/16/2024,Internal,Minor,Manual Testing,23.02,4
146,43,Cosmetic,4/26/2024,Internal,Minor,Visual Inspection,346.23,0
147,45,Structural,4/5/2024,Internal,Critical,Automated Testing,926.31,3
148,84,Cosmetic,1/29/2024,Internal,Critical,Automated Testing,783.88,3
149,41,Cosmetic,1/25/2024,Surface,Moderate,Automated Testing,747.18,6
150,53,Functional,3/22/2024,Surface,Critical,Manual Testing,415.84,5
151,61,Structural,6/7/2024,Component,Minor,Visual Inspection,502.15,1
152,97,Structural,1/27/2024,Internal,Moderate,Manual Testing,94.7,4
153,63,Cosmetic,1/9/2024,Surface,Minor,Manual Testing,426.04,0
154,75,Cosmetic,5/3/2024,Surface,Moderate,Automated Testing,380.52,6
155,10,Structural,1/24/2024,Component,Minor,Visual Inspection,935.64,1
156,56,Functional,5/21/2024,Internal,Minor,Manual Testing,595.9,5
157,96,Functional,5/7/2024,Surface,Minor,Manual Testing,788.22,5
158,96,Functional,1/16/2024,Surface,Critical,Visual Inspection,465.74,5
159,77,Structural,5/19/2024,Internal,Moderate,Automated Testing,661.8,3
160,91,Structural,5/17/2024,Surface,Moderate,Manual Testing,532.77,4
161,56,Cosmetic,5/21/2024,Component,Minor,Visual Inspection,612.03,1
162,56,Functional,2/9/2024,Component,Moderate,Manual Testing,614.11,5
163,12,Cosmetic,1/30/2024,Surface,Minor,Manual Testing,238.39,0
164,6,Structural,4/20/2024,Internal,Minor,Visual Inspection,986.51,4
165,30,Cosmetic,5/6/2024,Component,Critical,Automated Testing,796.76,2
166,34,Functional,2/15/2024,Component,Minor,Visual Inspection,105.27,1
167,99,Cosmetic,1/27/2024,Surface,Moderate,Automated Testing,950.97,6
168,14,Structural,6/29/2024,Surface,Critical,Visual Inspection,517.41,4
169,70,Cosmetic,6/3/2024,Surface,Critical,Manual Testing,789.62,0
170,4,Functional,5/16/2024,Internal,Moderate,Visual Inspection,942.03,5
171,74,Cosmetic,4/26/2024,Surface,Moderate,Manual Testing,352.05,0
172,25,Cosmetic,1/2/2024,Component,Critical,Automated Testing,10.22,2
173,74,Cosmetic,3/29/2024,Component,Moderate,Automated Testing,932.23,2
174,51,Functional,5/29/2024,Surface,Critical,Automated Testing,715.22,6
175,6,Structural,2/19/2024,Internal,Moderate,Manual Testing,999.64,4
176,13,Structural,3/9/2024,Surface,Critical,Manual Testing,952.49,4
177,34,Structural,1/21/2024,Internal,Minor,Manual Testing,174.76,4
178,51,Functional,1/17/2024,Internal,Minor,Visual Inspection,755.15,5
179,44,Structural,4/23/2024,Surface,Moderate,Automated Testing,532.6,6
180,64,Structural,1/7/2024,Component,Minor,Manual Testing,854.25,4
181,91,Functional,2/29/2024,Internal,Minor,Automated Testing,383.83,3
182,80,Functional,1/27/2024,Internal,Moderate,Manual Testing,80.0,5
183,8,Structural,2/2/2024,Component,Critical,Visual Inspection,970.31,1
184,14,Functional,2/9/2024,Internal,Moderate,Visual Inspection,517.63,5
185,64,Structural,1/15/2024,Surface,Moderate,Automated Testing,81.33,6
186,21,Structural,3/29/2024,Component,Critical,Manual Testing,540.92,4
187,13,Cosmetic,4/27/2024,Internal,Critical,Visual Inspection,280.77,0
188,56,Structural,6/2/2024,Internal,Moderate,Automated Testing,87.28,3
189,95,Cosmetic,2/23/2024,Surface,Minor,Manual Testing,306.56,0
190,4,Functional,6/22/2024,Surface,Critical,Automated Testing,86.46,6
191,80,Cosmetic,1/12/2024,Surface,Critical,Manual Testing,13.03,0
192,95,Functional,3/21/2024,Component,Critical,Visual Inspection,525.07,1
193,28,Cosmetic,5/21/2024,Component,Critical,Manual Testing,219.71,0
194,1,Structural,3/3/2024,Component,Critical,Visual Inspection,192.21,1
195,17,Structural,2/18/2024,Component,Moderate,Automated Testing,924.13,2
196,18,Structural,6/21/2024,Component,Minor,Manual Testing,65.23,4
197,76,Cosmetic,5/28/2024,Internal,Moderate,Automated Testing,481.7,3
198,28,Cosmetic,4/14/2024,Surface,Minor,Manual Testing,561.27,0
199,75,Structural,1/30/2024,Internal,Moderate,Visual Inspection,169.54,4
200,78,Cosmetic,4/4/2024,Surface,Moderate,Visual Inspection,629.38,0
201,8,Cosmetic,1/4/2024,Surface,Critical,Automated Testing,783.36,6
202,97,Structural,5/25/2024,Surface,Moderate,Automated Testing,102.88,6
203,22,Structural,4/5/2024,Component,Minor,Manual Testing,269.04,4
204,82,Functional,1/20/2024,Surface,Moderate,Visual Inspection,257.33,5
205,17,Structural,5/28/2024,Component,Critical,Automated Testing,824.37,2
206,59,Functional,5/29/2024,Surface,Minor,Manual Testing,303.59,5
207,69,Functional,4/22/2024,Internal,Critical,Automated Testing,793.3,3
208,22,Functional,1/31/2024,Surface,Critical,Manual Testing,929.05,5
209,76,Functional,5/20/2024,Internal,Moderate,Manual Testing,473.36,5
210,59,Functional,1/25/2024,Surface,Minor,Automated Testing,478.17,6
211,61,Structural,3/12/2024,Component,Critical,Manual Testing,430.49,4
212,69,Functional,5/7/2024,Surface,Moderate,Automated Testing,460.93,6
213,75,Cosmetic,1/30/2024,Internal,Moderate,Visual Inspection,917.3,0
214,42,Structural,1/2/2024,Surface,Minor,Manual Testing,520.21,4
215,38,Functional,1/7/2024,Internal,Critical,Manual Testing,575.58,5
216,5,Structural,1/13/2024,Internal,Moderate,Visual Inspection,296.41,4
217,10,Cosmetic,5/28/2024,Surface,Critical,Automated Testing,622.98,6
218,21,Functional,5/10/2024,Internal,Critical,Visual Inspection,484.08,5
219,92,Cosmetic,4/26/2024,Component,Critical,Manual Testing,479.31,0
220,29,Functional,4/5/2024,Surface,Minor,Manual Testing,624.22,5
221,49,Functional,6/11/2024,Component,Critical,Manual Testing,777.18,5
222,28,Functional,2/12/2024,Component,Critical,Automated Testing,842.93,2
223,87,Cosmetic,1/26/2024,Surface,Critical,Manual Testing,974.99,0
224,51,Functional,4/24/2024,Component,Critical,Manual Testing,989.81,5
225,64,Structural,4/23/2024,Component,Moderate,Visual Inspection,484.04,1
226,77,Cosmetic,6/4/2024,Internal,Minor,Automated Testing,38.39,3
227,23,Functional,6/23/2024,Surface,Minor,Visual Inspection,334.53,5
228,89,Functional,2/4/2024,Component,Moderate,Manual Testing,580.74,5
229,30,Functional,3/24/2024,Surface,Critical,Manual Testing,638.28,5
230,88,Structural,1/28/2024,Component,Minor,Manual Testing,727.86,4
231,47,Structural,3/11/2024,Internal,Moderate,Manual Testing,117.74,4
232,74,Functional,5/25/2024,Component,Critical,Automated Testing,891.94,2
233,53,Structural,3/17/2024,Surface,Minor,Visual Inspection,440.58,4
234,39,Structural,2/17/2024,Internal,Minor,Automated Testing,310.96,3
235,4,Cosmetic,1/28/2024,Internal,Critical,Manual Testing,430.74,0
236,29,Cosmetic,5/5/2024,Surface,Minor,Automated Testing,47.99,6
237,31,Cosmetic,6/30/2024,Component,Moderate,Visual Inspection,728.13,1
238,75,Structural,2/6/2024,Component,Critical,Visual Inspection,890.35,1
239,88,Functional,3/12/2024,Surface,Minor,Manual Testing,356.55,5
240,14,Structural,5/4/2024,Internal,Moderate,Visual Inspection,271.51,4
241,80,Structural,3/19/2024,Surface,Minor,Manual Testing,288.31,4
242,13,Functional,2/8/2024,Component,Critical,Automated Testing,663.49,2
243,5,Functional,6/18/2024,Internal,Moderate,Manual Testing,711.77,5
244,67,Structural,6/4/2024,Surface,Moderate,Visual Inspection,822.12,4
245,35,Cosmetic,5/27/2024,Component,Critical,Visual Inspection,889.52,1
246,81,Structural,3/30/2024,Surface,Minor,Automated Testing,471.55,6
247,24,Cosmetic,4/22/2024,Internal,Critical,Automated Testing,136.69,3
248,65,Structural,3/27/2024,Component,Minor,Automated Testing,148.61,2
249,13,Structural,5/16/2024,Surface,Moderate,Manual Testing,768.39,4
250,65,Cosmetic,6/7/2024,Component,Moderate,Manual Testing,545.52,0
251,33,Structural,1/29/2024,Component,Moderate,Automated Testing,978.58,2
252,92,Cosmetic,5/16/2024,Internal,Critical,Visual Inspection,62.59,0
253,25,Functional,5/1/2024,Component,Minor,Automated Testing,146.53,2
254,33,Functional,5/2/2024,Surface,Minor,Automated Testing,168.3,6
255,63,Cosmetic,1/2/2024,Internal,Critical,Manual Testing,225.2,0
256,23,Structural,6/18/2024,Surface,Minor,Manual Testing,875.37,4
257,47,Structural,6/3/2024,Surface,Minor,Manual Testing,772.77,4
258,78,Structural,5/7/2024,Component,Minor,Automated Testing,617.12,2
259,74,Functional,3/20/2024,Surface,Moderate,Manual Testing,900.61,5
260,70,Structural,3/3/2024,Surface,Minor,Manual Testing,159.25,4
261,59,Functional,3/2/2024,Internal,Minor,Manual Testing,16.62,5
262,77,Functional,2/25/2024,Surface,Minor,Automated Testing,906.96,6
263,96,Functional,5/3/2024,Internal,Minor,Manual Testing,446.61,5
264,39,Structural,1/29/2024,Surface,Minor,Manual Testing,406.06,4
265,54,Structural,6/8/2024,Component,Minor,Automated Testing,286.25,2
266,74,Structural,6/22/2024,Surface,Critical,Manual Testing,319.6,4
267,57,Functional,6/4/2024,Surface,Moderate,Manual Testing,798.16,5
268,48,Functional,1/5/2024,Component,Critical,Manual Testing,674.23,5
269,99,Cosmetic,3/9/2024,Component,Minor,Manual Testing,940.48,0
270,71,Functional,4/5/2024,Internal,Critical,Visual Inspection,42.63,5
271,37,Cosmetic,6/26/2024,Surface,Critical,Automated Testing,433.02,6
272,65,Structural,4/9/2024,Internal,Minor,Manual Testing,606.91,4
273,94,Structural,6/15/2024,Surface,Moderate,Automated Testing,129.41,6
274,83,Cosmetic,2/5/2024,Surface,Critical,Manual Testing,444.1,0
275,71,Functional,5/29/2024,Surface,Moderate,Manual Testing,634.26,5
276,46,Cosmetic,1/13/2024,Surface,Moderate,Manual Testing,672.89,0
277,56,Functional,5/22/2024,Internal,Minor,Visual Inspection,557.67,5
278,34,Functional,6/22/2024,Internal,Minor,Manual Testing,272.53,5
279,19,Structural,2/17/2024,Internal,Minor,Visual Inspection,503.24,4
280,27,Functional,4/23/2024,Surface,Critical,Visual Inspection,611.37,5
281,69,Cosmetic,1/24/2024,Surface,Minor,Visual Inspection,501.54,0
282,90,Structural,5/20/2024,Surface,Minor,Manual Testing,290.23,4
283,63,Cosmetic,1/30/2024,Internal,Moderate,Manual Testing,195.84,0
284,86,Structural,4/9/2024,Internal,Moderate,Visual Inspection,88.05,4
285,82,Structural,5/17/2024,Surface,Critical,Manual Testing,97.99,4
286,65,Structural,6/19/2024,Internal,Critical,Visual Inspection,349.24,4
287,14,Structural,1/31/2024,Internal,Critical,Manual Testing,421.51,4
288,48,Structural,5/26/2024,Internal,Critical,Manual Testing,422.77,4
289,61,Structural,2/7/2024,Internal,Minor,Automated Testing,925.03,3
290,35,Structural,2/27/2024,Internal,Minor,Automated Testing,319.58,3
291,67,Functional,4/22/2024,Surface,Moderate,Automated Testing,556.42,6
292,16,Structural,2/4/2024,Surface,Minor,Automated Testing,818.54,6
293,44,Structural,1/2/2024,Internal,Moderate,Automated Testing,320.62,3
294,80,Cosmetic,3/31/2024,Internal,Moderate,Manual Testing,178.82,0
295,83,Structural,2/29/2024,Surface,Critical,Manual Testing,237.65,4
296,93,Structural,3/14/2024,Component,Moderate,Manual Testing,658.16,4
297,43,Structural,1/23/2024,Surface,Minor,Visual Inspection,326.58,4
298,87,Cosmetic,2/14/2024,Surface,Minor,Manual Testing,301.61,0
299,56,Cosmetic,5/26/2024,Surface,Minor,Visual Inspection,357.56,0
300,3,Functional,4/26/2024,Internal,Critical,Manual Testing,358.21,5
301,22,Structural,5/3/2024,Surface,Moderate,Manual Testing,89.91,4
302,85,Cosmetic,5/6/2024,Internal,Minor,Automated Testing,18.42,3
303,80,Functional,4/25/2024,Component,Moderate,Visual Inspection,294.31,1
304,17,Functional,4/24/2024,Internal,Minor,Visual Inspection,865.96,5
305,35,Cosmetic,6/12/2024,Component,Minor,Visual Inspection,578.28,1
306,39,Structural,2/13/2024,Surface,Critical,Visual Inspection,495.87,4
307,30,Functional,6/19/2024,Component,Minor,Visual Inspection,728.39,1
308,47,Cosmetic,1/8/2024,Component,Minor,Manual Testing,949.72,0
309,24,Structural,3/23/2024,Component,Moderate,Manual Testing,56.12,4
310,76,Structural,5/26/2024,Component,Moderate,Automated Testing,56.35,2
311,38,Structural,4/8/2024,Internal,Minor,Manual Testing,651.35,4
312,47,Cosmetic,2/23/2024,Component,Minor,Manual Testing,471.27,0
313,82,Cosmetic,5/29/2024,Surface,Moderate,Visual Inspection,732.6,0
314,36,Cosmetic,2/19/2024,Component,Minor,Automated Testing,865.3,2
315,40,Functional,1/15/2024,Internal,Minor,Automated Testing,49.2,3
316,28,Cosmetic,6/9/2024,Surface,Critical,Manual Testing,567.72,0
317,31,Cosmetic,1/9/2024,Surface,Moderate,Visual Inspection,490.53,0
318,34,Functional,3/3/2024,Component,Minor,Manual Testing,11.38,5
319,56,Functional,2/23/2024,Component,Moderate,Visual Inspection,409.72,1
320,45,Functional,1/5/2024,Component,Minor,Visual Inspection,515.07,1
321,32,Structural,6/6/2024,Component,Moderate,Visual Inspection,42.44,1
322,54,Functional,5/30/2024,Internal,Critical,Automated Testing,883.58,3
323,44,Structural,6/8/2024,Internal,Minor,Automated Testing,624.98,3
324,97,Functional,4/6/2024,Component,Minor,Manual Testing,195.74,5
325,15,Functional,4/15/2024,Internal,Moderate,Manual Testing,241.22,5
326,97,Cosmetic,4/29/2024,Component,Minor,Manual Testing,441.18,0
327,17,Structural,4/1/2024,Component,Critical,Manual Testing,274.09,4
328,91,Functional,6/8/2024,Surface,Moderate,Visual Inspection,268.52,5
329,92,Structural,1/2/2024,Component,Critical,Automated Testing,170.44,2
330,72,Functional,3/1/2024,Component,Moderate,Automated Testing,386.43,2
331,74,Functional,3/1/2024,Surface,Minor,Manual Testing,970.98,5
332,7,Functional,5/16/2024,Component,Minor,Automated Testing,751.73,2
333,24,Functional,4/22/2024,Component,Minor,Automated Testing,285.85,2
334,10,Structural,3/15/2024,Internal,Critical,Manual Testing,478.75,4
335,26,Cosmetic,2/29/2024,Surface,Minor,Automated Testing,884.79,6
336,92,Cosmetic,4/13/2024,Surface,Moderate,Automated Testing,44.73,6
337,68,Cosmetic,5/24/2024,Component,Minor,Automated Testing,952.79,2
338,31,Cosmetic,1/3/2024,Component,Moderate,Manual Testing,959.59,0
339,41,Structural,2/15/2024,Component,Moderate,Visual Inspection,312.25,1
340,95,Cosmetic,6/23/2024,Component,Minor,Visual Inspection,658.47,1
341,17,Functional,5/3/2024,Surface,Minor,Manual Testing,243.25,5
342,4,Cosmetic,5/24/2024,Internal,Moderate,Automated Testing,199.65,3
343,96,Functional,1/30/2024,Component,Minor,Visual Inspection,471.43,1
344,81,Functional,2/6/2024,Component,Moderate,Visual Inspection,756.85,1
345,61,Structural,5/31/2024,Internal,Critical,Visual Inspection,369.06,4
346,97,Cosmetic,6/14/2024,Surface,Minor,Manual Testing,326.19,0
347,90,Functional,5/19/2024,Component,Minor,Visual Inspection,22.07,1
348,29,Cosmetic,4/18/2024,Component,Critical,Visual Inspection,825.33,1
349,45,Cosmetic,1/20/2024,Surface,Minor,Automated Testing,697.77,6
350,33,Structural,5/18/2024,Component,Moderate,Visual Inspection,417.1,1
351,44,Cosmetic,6/7/2024,Surface,Minor,Visual Inspection,74.81,0
352,30,Functional,2/24/2024,Surface,Minor,Visual Inspection,104.54,5
353,29,Functional,6/14/2024,Component,Critical,Manual Testing,480.07,5
354,26,Structural,3/13/2024,Surface,Minor,Manual Testing,842.37,4
355,18,Cosmetic,3/12/2024,Internal,Critical,Manual Testing,422.03,0
356,9,Functional,2/3/2024,Internal,Critical,Visual Inspection,161.41,5
357,50,Cosmetic,2/8/2024,Component,Critical,Visual Inspection,361.26,1
358,71,Cosmetic,5/17/2024,Surface,Critical,Automated Testing,999.25,6
359,27,Functional,2/17/2024,Internal,Critical,Automated Testing,495.53,3
360,82,Functional,6/2/2024,Internal,Moderate,Visual Inspection,40.89,5
361,19,Functional,6/7/2024,Component,Moderate,Manual Testing,444.31,5
362,45,Structural,6/20/2024,Surface,Minor,Manual Testing,739.69,4
363,12,Structural,6/20/2024,Internal,Minor,Visual Inspection,577.64,4
364,54,Functional,3/21/2024,Component,Minor,Visual Inspection,230.65,1
365,40,Structural,4/10/2024,Component,Minor,Manual Testing,692.1,4
366,95,Functional,4/4/2024,Internal,Critical,Visual Inspection,378.29,5
367,21,Functional,1/23/2024,Internal,Moderate,Visual Inspection,584.9,5
368,35,Functional,3/1/2024,Internal,Moderate,Visual Inspection,39.01,5
369,47,Functional,1/26/2024,Internal,Critical,Visual Inspection,899.07,5
370,93,Structural,1/27/2024,Internal,Minor,Visual Inspection,96.04,4
371,74,Structural,1/2/2024,Internal,Moderate,Visual Inspection,269.99,4
372,76,Cosmetic,5/14/2024,Surface,Minor,Visual Inspection,996.49,0
373,92,Functional,1/11/2024,Surface,Moderate,Manual Testing,573.22,5
374,5,Structural,6/13/2024,Internal,Moderate,Visual Inspection,694.03,4
375,48,Functional,5/10/2024,Internal,Minor,Visual Inspection,963.03,5
376,54,Functional,1/10/2024,Component,Moderate,Manual Testing,118.46,5
377,97,Structural,1/16/2024,Component,Moderate,Automated Testing,773.47,2
378,41,Structural,6/12/2024,Surface,Minor,Visual Inspection,180.86,4
379,34,Cosmetic,4/5/2024,Surface,Minor,Manual Testing,18.61,0
380,25,Cosmetic,4/10/2024,Component,Critical,Manual Testing,176.96,0
381,27,Cosmetic,1/7/2024,Surface,Moderate,Visual Inspection,32.44,0
382,74,Cosmetic,2/12/2024,Component,Minor,Manual Testing,351.27,0
383,51,Functional,1/5/2024,Component,Critical,Visual Inspection,303.16,1
384,98,Cosmetic,5/5/2024,Internal,Critical,Automated Testing,404.15,3
385,83,Structural,1/10/2024,Internal,Moderate,Automated Testing,800.76,3
386,60,Structural,1/29/2024,Surface,Moderate,Visual Inspection,321.45,4
387,84,Functional,2/14/2024,Surface,Critical,Manual Testing,510.38,5
388,32,Structural,2/17/2024,Internal,Minor,Automated Testing,883.92,3
389,49,Structural,4/16/2024,Internal,Minor,Automated Testing,918.87,3
390,1,Structural,5/19/2024,Surface,Critical,Automated Testing,564.46,6
391,7,Functional,6/3/2024,Internal,Minor,Visual Inspection,889.4,5
392,81,Functional,2/25/2024,Component,Critical,Automated Testing,197.87,2
393,24,Cosmetic,6/9/2024,Surface,Critical,Visual Inspection,786.6,0
394,37,Functional,5/4/2024,Internal,Moderate,Manual Testing,740.36,5
395,81,Functional,3/5/2024,Surface,Critical,Automated Testing,667.24,6
396,84,Cosmetic,1/9/2024,Surface,Critical,Visual Inspection,77.72,0
397,79,Functional,4/16/2024,Surface,Moderate,Visual Inspection,106.59,5
398,3,Structural,2/20/2024,Surface,Minor,Manual Testing,529.16,4
399,50,Functional,4/7/2024,Surface,Critical,Manual Testing,94.34,5
400,44,Cosmetic,4/12/2024,Component,Moderate,Manual Testing,97.53,0
401,34,Functional,4/19/2024,Internal,Critical,Automated Testing,500.88,3
402,41,Functional,2/23/2024,Internal,Minor,Manual Testing,477.42,5
403,6,Cosmetic,5/9/2024,Surface,Minor,Manual Testing,810.57,0
404,47,Structural,5/1/2024,Surface,Minor,Automated Testing,945.16,6
405,4,Functional,3/24/2024,Internal,Minor,Visual Inspection,325.31,5
406,39,Functional,4/11/2024,Component,Moderate,Visual Inspection,810.44,1
407,10,Functional,5/30/2024,Internal,Critical,Visual Inspection,623.76,5
408,45,Structural,6/24/2024,Internal,Minor,Visual Inspection,375.28,4
409,46,Functional,3/5/2024,Surface,Minor,Automated Testing,474.48,6
410,5,Cosmetic,3/13/2024,Surface,Moderate,Visual Inspection,636.39,0
411,86,Functional,2/28/2024,Component,Minor,Visual Inspection,957.36,1
412,97,Functional,2/2/2024,Internal,Minor,Automated Testing,66.98,3
413,20,Structural,4/5/2024,Internal,Minor,Visual Inspection,608.64,4
414,36,Structural,2/4/2024,Component,Moderate,Automated Testing,75.93,2
415,7,Structural,6/12/2024,Component,Critical,Automated Testing,477.58,2
416,53,Cosmetic,5/17/2024,Component,Moderate,Automated Testing,252.11,2
417,37,Cosmetic,4/16/2024,Component,Critical,Visual Inspection,987.71,1
418,81,Functional,3/23/2024,Internal,Moderate,Manual Testing,464.04,5
419,61,Functional,2/13/2024,Component,Minor,Visual Inspection,694.29,1
420,56,Structural,4/20/2024,Surface,Critical,Automated Testing,829.49,6
421,79,Functional,1/9/2024,Internal,Minor,Visual Inspection,466.04,5
422,12,Functional,4/11/2024,Internal,Moderate,Manual Testing,101.05,5
423,66,Cosmetic,1/4/2024,Internal,Critical,Automated Testing,748.29,3
424,27,Structural,3/27/2024,Component,Moderate,Visual Inspection,438.54,1
425,88,Functional,2/25/2024,Component,Moderate,Visual Inspection,834.57,1
426,62,Functional,5/23/2024,Internal,Critical,Manual Testing,655.02,5
427,10,Structural,3/22/2024,Surface,Critical,Manual Testing,342.61,4
428,61,Structural,3/26/2024,Internal,Critical,Visual Inspection,539.5,4
429,15,Functional,6/19/2024,Component,Moderate,Visual Inspection,487.41,1
430,72,Structural,6/27/2024,Surface,Minor,Automated Testing,212.86,6
431,77,Functional,5/13/2024,Surface,Critical,Visual Inspection,873.59,5
432,56,Cosmetic,2/25/2024,Surface,Moderate,Automated Testing,389.21,6
433,18,Cosmetic,5/3/2024,Component,Minor,Automated Testing,34.48,2
434,42,Functional,5/12/2024,Surface,Minor,Manual Testing,235.97,5
435,41,Structural,4/8/2024,Surface,Moderate,Visual Inspection,575.15,4
436,44,Structural,6/18/2024,Surface,Minor,Visual Inspection,182.54,4
437,82,Cosmetic,5/6/2024,Component,Minor,Automated Testing,752.8,2
438,39,Functional,1/12/2024,Component,Critical,Visual Inspection,214.33,1
439,63,Functional,3/13/2024,Surface,Moderate,Visual Inspection,716.26,5
440,78,Structural,3/3/2024,Surface,Critical,Visual Inspection,608.46,4
441,92,Structural,6/18/2024,Internal,Moderate,Automated Testing,255.47,3
442,92,Structural,2/6/2024,Component,Minor,Manual Testing,914.32,4
443,16,Cosmetic,6/25/2024,Internal,Critical,Automated Testing,519.15,3
444,63,Functional,2/8/2024,Internal,Moderate,Manual Testing,816.09,5
445,65,Functional,3/23/2024,Component,Minor,Manual Testing,481.11,5
446,60,Cosmetic,1/20/2024,Component,Moderate,Automated Testing,780.05,2
447,58,Structural,1/9/2024,Internal,Minor,Automated Testing,750.51,3
448,69,Functional,5/10/2024,Component,Moderate,Manual Testing,908.59,5
449,7,Functional,3/10/2024,Component,Moderate,Visual Inspection,705.47,1
450,80,Functional,4/23/2024,Internal,Minor,Automated Testing,406.28,3
451,55,Functional,1/2/2024,Internal,Critical,Manual Testing,295.41,5
452,6,Structural,3/4/2024,Internal,Critical,Visual Inspection,903.36,4
453,86,Structural,5/17/2024,Component,Moderate,Manual Testing,803.65,4
454,70,Functional,3/30/2024,Component,Moderate,Automated Testing,359.69,2
455,50,Structural,3/30/2024,Component,Moderate,Manual Testing,699.69,4
456,20,Structural,4/5/2024,Surface,Critical,Manual Testing,281.81,4
457,63,Structural,4/11/2024,Surface,Minor,Automated Testing,896.04,6
458,66,Functional,4/23/2024,Internal,Moderate,Visual Inspection,587.69,5
459,64,Functional,2/26/2024,Component,Moderate,Automated Testing,623.52,2
460,66,Structural,6/11/2024,Component,Minor,Visual Inspection,668.05,1
461,95,Functional,3/2/2024,Internal,Minor,Visual Inspection,571.02,5
462,56,Structural,2/18/2024,Internal,Minor,Manual Testing,918.39,4
463,75,Functional,3/15/2024,Surface,Minor,Automated Testing,669.62,6
464,81,Functional,1/27/2024,Component,Moderate,Visual Inspection,581.01,1
465,39,Structural,5/20/2024,Internal,Minor,Manual Testing,899.45,4
466,57,Cosmetic,1/5/2024,Surface,Critical,Visual Inspection,764.59,0
467,83,Cosmetic,2/28/2024,Internal,Moderate,Automated Testing,150.16,3
468,98,Functional,3/26/2024,Internal,Minor,Visual Inspection,791.72,5
469,90,Functional,4/28/2024,Surface,Moderate,Manual Testing,15.1,5
470,76,Structural,2/22/2024,Component,Minor,Visual Inspection,466.92,1
471,89,Cosmetic,3/24/2024,Internal,Minor,Manual Testing,833.02,0
472,43,Functional,3/24/2024,Internal,Critical,Visual Inspection,907.98,5
473,38,Structural,2/25/2024,Internal,Minor,Manual Testing,652.85,4
474,62,Cosmetic,2/4/2024,Component,Moderate,Automated Testing,618.88,2
475,97,Cosmetic,3/16/2024,Surface,Moderate,Manual Testing,140.36,0
476,86,Cosmetic,2/1/2024,Internal,Critical,Visual Inspection,683.68,0
477,38,Functional,2/23/2024,Component,Critical,Visual Inspection,613.47,1
478,58,Functional,1/18/2024,Surface,Moderate,Visual Inspection,895.11,5
479,32,Cosmetic,6/7/2024,Component,Critical,Visual Inspection,515.94,1
480,78,Functional,1/7/2024,Internal,Minor,Automated Testing,293.09,3
481,66,Cosmetic,6/2/2024,Surface,Critical,Automated Testing,689.42,6
482,68,Structural,6/16/2024,Surface,Critical,Visual Inspection,148.53,4
483,10,Structural,2/17/2024,Component,Moderate,Visual Inspection,933.3,1
484,77,Cosmetic,2/10/2024,Internal,Minor,Manual Testing,336.75,0
485,50,Structural,2/29/2024,Surface,Minor,Manual Testing,223.73,4
486,97,Cosmetic,3/29/2024,Internal,Critical,Automated Testing,236.47,3
487,26,Cosmetic,3/13/2024,Internal,Critical,Manual Testing,647.11,0
488,51,Cosmetic,4/4/2024,Surface,Minor,Automated Testing,268.57,6
489,57,Cosmetic,5/10/2024,Internal,Minor,Visual Inspection,405.89,0
490,12,Functional,3/11/2024,Internal,Minor,Manual Testing,643.98,5
491,90,Functional,2/19/2024,Internal,Critical,Manual Testing,183.11,5
492,79,Functional,4/21/2024,Component,Moderate,Visual Inspection,878.64,1
493,58,Functional,6/9/2024,Component,Critical,Manual Testing,702.09,5
494,31,Structural,3/1/2024,Internal,Critical,Visual Inspection,823.59,4
495,49,Structural,1/28/2024,Surface,Moderate,Automated Testing,294.56,6
496,6,Functional,1/16/2024,Internal,Critical,Visual Inspection,533.14,5
497,49,Functional,3/28/2024,Component,Critical,Visual Inspection,975.5,1
498,87,Cosmetic,6/17/2024,Internal,Moderate,Visual Inspection,707.21,0
499,60,Cosmetic,4/1/2024,Surface,Moderate,Visual Inspection,775.91,0
500,100,Functional,4/19/2024,Surface,Moderate,Manual Testing,617.36,5
501,46,Structural,1/13/2024,Surface,Minor,Visual Inspection,922.52,4
502,62,Structural,4/26/2024,Surface,Minor,Automated Testing,81.91,6
503,91,Cosmetic,6/13/2024,Surface,Critical,Manual Testing,40.19,0
504,74,Cosmetic,5/26/2024,Internal,Moderate,Manual Testing,943.79,0
505,92,Structural,4/11/2024,Surface,Minor,Visual Inspection,411.9,4
506,66,Structural,5/5/2024,Internal,Critical,Visual Inspection,759.53,4
507,81,Cosmetic,1/15/2024,Component,Critical,Manual Testing,368.11,0
508,41,Functional,4/4/2024,Surface,Moderate,Visual Inspection,27.9,5
509,91,Structural,4/21/2024,Internal,Critical,Automated Testing,670.09,3
510,35,Functional,5/24/2024,Internal,Critical,Automated Testing,790.76,3
511,12,Cosmetic,6/20/2024,Internal,Moderate,Manual Testing,769.88,0
512,77,Cosmetic,5/6/2024,Internal,Critical,Automated Testing,262.6,3
513,11,Cosmetic,3/23/2024,Surface,Moderate,Visual Inspection,520.44,0
514,93,Structural,5/19/2024,Component,Minor,Visual Inspection,624.75,1
515,3,Structural,3/22/2024,Internal,Moderate,Manual Testing,496.27,4
516,43,Functional,6/20/2024,Component,Moderate,Automated Testing,368.54,2
517,88,Cosmetic,6/12/2024,Internal,Moderate,Manual Testing,942.94,0
518,4,Cosmetic,3/28/2024,Internal,Critical,Automated Testing,449.63,3
519,96,Functional,6/18/2024,Internal,Critical,Manual Testing,117.82,5
520,75,Functional,5/12/2024,Internal,Critical,Visual Inspection,300.05,5
521,86,Structural,1/7/2024,Surface,Critical,Visual Inspection,975.1,4
522,70,Structural,1/13/2024,Surface,Critical,Manual Testing,74.36,4
523,6,Functional,1/8/2024,Component,Moderate,Automated Testing,924.05,2
524,14,Cosmetic,2/10/2024,Surface,Minor,Visual Inspection,132.39,0
525,77,Functional,2/24/2024,Surface,Critical,Manual Testing,893.77,5
526,65,Structural,2/10/2024,Surface,Minor,Manual Testing,142.64,4
527,70,Structural,4/19/2024,Component,Minor,Manual Testing,368.94,4
528,8,Functional,6/10/2024,Internal,Minor,Automated Testing,997.03,3
529,54,Structural,1/2/2024,Surface,Minor,Manual Testing,496.1,4
530,98,Functional,2/2/2024,Surface,Critical,Automated Testing,798.12,6
531,82,Cosmetic,2/8/2024,Internal,Critical,Visual Inspection,572.74,0
532,6,Structural,2/10/2024,Surface,Critical,Manual Testing,53.77,4
533,49,Cosmetic,4/3/2024,Surface,Minor,Visual Inspection,369.83,0
534,14,Cosmetic,4/11/2024,Surface,Minor,Visual Inspection,398.17,0
535,88,Structural,3/21/2024,Internal,Critical,Automated Testing,825.57,3
536,8,Functional,5/13/2024,Internal,Critical,Automated Testing,201.88,3
537,91,Cosmetic,6/13/2024,Component,Critical,Visual Inspection,47.47,1
538,1,Structural,5/11/2024,Component,Moderate,Automated Testing,856.33,2
539,15,Cosmetic,5/12/2024,Internal,Moderate,Manual Testing,497.65,0
540,20,Cosmetic,2/14/2024,Internal,Minor,Manual Testing,908.53,0
541,16,Cosmetic,4/29/2024,Component,Critical,Manual Testing,371.88,0
542,49,Functional,6/25/2024,Surface,Moderate,Manual Testing,960.15,5
543,76,Structural,3/18/2024,Component,Minor,Visual Inspection,73.55,1
544,56,Cosmetic,1/12/2024,Component,Minor,Automated Testing,615.43,2
545,21,Structural,6/17/2024,Component,Minor,Visual Inspection,619.02,1
546,17,Functional,1/15/2024,Component,Minor,Manual Testing,677.64,5
547,10,Cosmetic,2/25/2024,Surface,Moderate,Visual Inspection,684.16,0
548,90,Functional,3/26/2024,Internal,Critical,Automated Testing,536.37,3
549,8,Cosmetic,1/22/2024,Surface,Minor,Visual Inspection,47.22,0
550,27,Structural,5/26/2024,Surface,Minor,Automated Testing,704.44,6
551,87,Functional,4/15/2024,Surface,Minor,Automated Testing,512.02,6
552,93,Structural,6/4/2024,Component,Minor,Automated Testing,36.04,2
553,12,Functional,1/10/2024,Surface,Critical,Manual Testing,811.65,5
554,30,Functional,1/28/2024,Internal,Critical,Automated Testing,900.37,3
555,4,Functional,3/6/2024,Component,Minor,Automated Testing,644.51,2
556,71,Functional,2/11/2024,Surface,Minor,Visual Inspection,355.85,5
557,97,Functional,3/3/2024,Internal,Minor,Manual Testing,945.18,5
558,12,Structural,4/13/2024,Internal,Minor,Visual Inspection,201.79,4
559,17,Cosmetic,2/26/2024,Internal,Minor,Manual Testing,73.0,0
560,94,Cosmetic,1/9/2024,Surface,Moderate,Manual Testing,769.57,0
561,45,Functional,3/27/2024,Surface,Moderate,Automated Testing,930.11,6
562,72,Cosmetic,1/15/2024,Internal,Moderate,Manual Testing,554.98,0
563,56,Functional,2/13/2024,Component,Minor,Automated Testing,826.59,2
564,93,Functional,2/18/2024,Surface,Critical,Manual Testing,362.82,5
565,58,Structural,1/15/2024,Surface,Minor,Manual Testing,946.8,4
566,96,Cosmetic,2/17/2024,Internal,Minor,Automated Testing,192.28,3
567,38,Functional,4/4/2024,Internal,Critical,Automated Testing,383.41,3
568,62,Structural,3/19/2024,Surface,Minor,Automated Testing,132.83,6
569,97,Functional,5/14/2024,Component,Critical,Automated Testing,904.32,2
570,12,Cosmetic,3/22/2024,Internal,Critical,Visual Inspection,944.63,0
571,47,Functional,4/19/2024,Surface,Critical,Manual Testing,524.5,5
572,73,Structural,2/17/2024,Internal,Critical,Visual Inspection,976.75,4
573,46,Cosmetic,2/27/2024,Internal,Critical,Visual Inspection,508.94,0
574,5,Functional,1/21/2024,Component,Critical,Visual Inspection,565.86,1
575,72,Functional,3/7/2024,Component,Minor,Visual Inspection,151.62,1
576,99,Structural,4/10/2024,Surface,Critical,Automated Testing,394.88,6
577,1,Functional,4/21/2024,Surface,Critical,Visual Inspection,404.22,5
578,26,Structural,6/9/2024,Component,Minor,Visual Inspection,564.82,1
579,100,Structural,4/12/2024,Internal,Minor,Manual Testing,722.21,4
580,15,Structural,3/4/2024,Internal,Moderate,Visual Inspection,16.05,4
581,9,Functional,6/20/2024,Internal,Moderate,Manual Testing,666.31,5
582,80,Cosmetic,6/8/2024,Component,Moderate,Automated Testing,346.73,2
583,86,Structural,6/29/2024,Internal,Moderate,Automated Testing,138.42,3
584,42,Structural,6/29/2024,Component,Minor,Visual Inspection,663.53,1
585,19,Structural,6/1/2024,Surface,Critical,Automated Testing,150.78,6
586,97,Cosmetic,3/11/2024,Surface,Critical,Automated Testing,503.25,6
587,68,Structural,2/3/2024,Surface,Moderate,Manual Testing,576.57,4
588,40,Structural,2/26/2024,Surface,Moderate,Visual Inspection,204.6,4
589,8,Structural,3/3/2024,Internal,Moderate,Visual Inspection,410.72,4
590,90,Structural,2/17/2024,Component,Minor,Manual Testing,50.38,4
591,90,Functional,2/9/2024,Surface,Moderate,Manual Testing,400.31,5
592,7,Structural,6/1/2024,Internal,Minor,Automated Testing,301.7,3
593,73,Functional,6/23/2024,Surface,Moderate,Visual Inspection,64.74,5
594,96,Cosmetic,1/14/2024,Surface,Moderate,Automated Testing,485.27,6
595,60,Cosmetic,6/21/2024,Surface,Moderate,Automated Testing,194.44,6
596,74,Structural,6/16/2024,Internal,Moderate,Automated Testing,891.01,3
597,26,Cosmetic,4/19/2024,Internal,Critical,Automated Testing,267.51,3
598,50,Functional,6/8/2024,Component,Critical,Automated Testing,151.43,2
599,36,Functional,4/20/2024,Internal,Critical,Manual Testing,297.76,5
600,46,Cosmetic,4/21/2024,Component,Critical,Manual Testing,663.35,0
601,46,Structural,4/24/2024,Internal,Moderate,Visual Inspection,927.75,4
602,74,Cosmetic,2/10/2024,Surface,Moderate,Visual Inspection,283.6,0
603,45,Structural,3/21/2024,Surface,Moderate,Manual Testing,919.65,4
604,100,Functional,3/25/2024,Surface,Critical,Visual Inspection,302.29,5
605,63,Functional,5/27/2024,Surface,Moderate,Automated Testing,309.53,6
606,63,Structural,4/13/2024,Surface,Minor,Manual Testing,478.6,4
607,75,Cosmetic,5/30/2024,Component,Minor,Visual Inspection,419.58,1
608,5,Cosmetic,3/25/2024,Surface,Minor,Automated Testing,685.3,6
609,5,Structural,5/6/2024,Internal,Critical,Visual Inspection,390.64,4
610,81,Cosmetic,5/12/2024,Internal,Minor,Manual Testing,837.9,0
611,80,Functional,1/20/2024,Internal,Minor,Manual Testing,67.82,5
612,56,Structural,4/13/2024,Internal,Minor,Manual Testing,21.12,4
613,68,Structural,1/8/2024,Surface,Moderate,Visual Inspection,700.72,4
614,67,Cosmetic,1/18/2024,Surface,Critical,Manual Testing,893.3,0
615,53,Cosmetic,3/2/2024,Surface,Moderate,Automated Testing,736.75,6
616,81,Functional,3/9/2024,Internal,Critical,Manual Testing,803.54,5
617,47,Functional,3/23/2024,Internal,Moderate,Automated Testing,21.17,3
618,92,Functional,2/29/2024,Component,Minor,Manual Testing,678.59,5
619,87,Functional,2/18/2024,Component,Moderate,Automated Testing,220.01,2
620,51,Cosmetic,2/3/2024,Internal,Critical,Manual Testing,251.67,0
621,61,Structural,4/10/2024,Surface,Critical,Manual Testing,808.85,4
622,87,Structural,1/6/2024,Internal,Minor,Manual Testing,537.35,4
623,8,Cosmetic,4/6/2024,Component,Moderate,Manual Testing,178.3,0
624,56,Cosmetic,1/9/2024,Internal,Critical,Visual Inspection,638.8,0
625,98,Functional,6/24/2024,Internal,Critical,Automated Testing,770.66,3
626,7,Structural,4/19/2024,Component,Minor,Visual Inspection,289.27,1
627,24,Structural,5/15/2024,Component,Minor,Automated Testing,779.02,2
628,23,Structural,1/4/2024,Surface,Moderate,Automated Testing,704.06,6
629,43,Functional,4/16/2024,Internal,Critical,Visual Inspection,546.42,5
630,95,Functional,6/23/2024,Component,Moderate,Visual Inspection,780.89,1
631,13,Cosmetic,5/3/2024,Surface,Minor,Manual Testing,303.08,0
632,72,Structural,5/4/2024,Internal,Minor,Automated Testing,557.57,3
633,28,Functional,1/28/2024,Component,Minor,Manual Testing,222.11,5
634,94,Functional,5/23/2024,Internal,Minor,Visual Inspection,575.47,5
635,60,Structural,6/14/2024,Component,Minor,Automated Testing,478.44,2
636,17,Functional,2/5/2024,Surface,Moderate,Visual Inspection,32.62,5
637,21,Functional,5/29/2024,Component,Critical,Automated Testing,121.29,2
638,89,Cosmetic,4/7/2024,Component,Moderate,Automated Testing,967.29,2
639,43,Cosmetic,1/17/2024,Surface,Moderate,Visual Inspection,200.29,0
640,5,Cosmetic,6/21/2024,Internal,Minor,Automated Testing,185.0,3
641,7,Functional,1/30/2024,Internal,Moderate,Manual Testing,959.61,5
642,28,Structural,1/26/2024,Component,Critical,Visual Inspection,170.66,1
643,27,Cosmetic,6/17/2024,Component,Minor,Visual Inspection,563.94,1
644,58,Cosmetic,6/8/2024,Internal,Minor,Automated Testing,52.03,3
645,33,Functional,6/7/2024,Component,Critical,Automated Testing,474.62,2
646,20,Structural,1/14/2024,Surface,Moderate,Visual Inspection,263.76,4
647,11,Cosmetic,5/3/2024,Component,Moderate,Automated Testing,758.91,2
648,31,Cosmetic,1/9/2024,Component,Critical,Visual Inspection,59.04,1
649,76,Cosmetic,1/11/2024,Internal,Moderate,Visual Inspection,647.01,0
650,32,Cosmetic,5/21/2024,Internal,Moderate,Manual Testing,451.58,0
651,34,Structural,2/9/2024,Internal,Minor,Manual Testing,221.25,4
652,66,Cosmetic,4/19/2024,Component,Critical,Manual Testing,194.9,0
653,62,Functional,2/29/2024,Surface,Minor,Automated Testing,433.75,6
654,86,Cosmetic,6/19/2024,Surface,Critical,Automated Testing,264.85,6
655,91,Cosmetic,3/16/2024,Surface,Moderate,Automated Testing,230.68,6
656,63,Cosmetic,6/21/2024,Surface,Minor,Visual Inspection,836.11,0
657,73,Structural,3/27/2024,Surface,Critical,Manual Testing,703.94,4
658,94,Structural,6/9/2024,Surface,Moderate,Visual Inspection,814.84,4
659,88,Structural,1/19/2024,Component,Minor,Visual Inspection,153.25,1
660,12,Functional,3/28/2024,Internal,Minor,Visual Inspection,324.09,5
661,48,Structural,2/6/2024,Component,Moderate,Visual Inspection,436.9,1
662,35,Cosmetic,6/17/2024,Surface,Minor,Manual Testing,917.26,0
663,25,Cosmetic,1/13/2024,Component,Critical,Automated Testing,45.26,2
664,47,Functional,1/26/2024,Surface,Critical,Visual Inspection,416.2,5
665,55,Functional,5/16/2024,Component,Minor,Manual Testing,246.83,5
666,45,Structural,1/3/2024,Component,Critical,Visual Inspection,824.28,1
667,12,Cosmetic,6/2/2024,Surface,Minor,Visual Inspection,680.74,0
668,33,Structural,2/26/2024,Surface,Critical,Automated Testing,376.62,6
669,3,Functional,1/10/2024,Surface,Moderate,Manual Testing,400.79,5
670,15,Structural,2/19/2024,Component,Critical,Visual Inspection,496.72,1
671,45,Structural,4/21/2024,Component,Moderate,Manual Testing,369.13,4
672,16,Functional,5/19/2024,Internal,Moderate,Automated Testing,916.45,3
673,63,Functional,5/1/2024,Internal,Minor,Visual Inspection,152.08,5
674,63,Structural,1/6/2024,Surface,Moderate,Visual Inspection,373.52,4
675,96,Cosmetic,5/12/2024,Surface,Critical,Visual Inspection,345.64,0
676,4,Cosmetic,4/6/2024,Internal,Critical,Visual Inspection,33.95,0
677,2,Structural,1/4/2024,Component,Critical,Visual Inspection,478.44,1
678,19,Functional,3/20/2024,Component,Critical,Manual Testing,884.03,5
679,61,Structural,1/23/2024,Internal,Critical,Visual Inspection,113.64,4
680,5,Structural,1/19/2024,Component,Moderate,Visual Inspection,479.38,1
681,8,Structural,1/16/2024,Internal,Critical,Visual Inspection,395.56,4
682,6,Structural,1/13/2024,Component,Moderate,Manual Testing,290.66,4
683,18,Cosmetic,2/25/2024,Component,Minor,Visual Inspection,309.32,1
684,33,Structural,3/16/2024,Component,Moderate,Manual Testing,28.05,4
685,40,Structural,6/24/2024,Surface,Critical,Visual Inspection,37.69,4
686,35,Cosmetic,1/23/2024,Internal,Critical,Automated Testing,293.44,3
687,99,Functional,3/16/2024,Component,Minor,Visual Inspection,249.02,1
688,65,Structural,2/18/2024,Surface,Minor,Manual Testing,327.88,4
689,56,Cosmetic,3/9/2024,Surface,Critical,Manual Testing,749.31,0
690,96,Cosmetic,5/26/2024,Component,Minor,Automated Testing,19.23,2
691,4,Functional,5/31/2024,Internal,Critical,Manual Testing,470.43,5
692,67,Cosmetic,2/18/2024,Component,Critical,Automated Testing,135.49,2
693,95,Structural,6/26/2024,Component,Minor,Manual Testing,531.4,4
694,18,Cosmetic,2/16/2024,Surface,Critical,Manual Testing,205.83,0
695,97,Cosmetic,4/20/2024,Component,Moderate,Visual Inspection,547.02,1
696,84,Functional,1/6/2024,Component,Moderate,Visual Inspection,459.29,1
697,51,Cosmetic,4/2/2024,Surface,Critical,Manual Testing,762.32,0
698,34,Cosmetic,3/29/2024,Component,Moderate,Visual Inspection,684.85,1
699,1,Cosmetic,4/4/2024,Component,Critical,Automated Testing,940.9,2
700,41,Cosmetic,2/13/2024,Surface,Minor,Manual Testing,894.66,0
701,67,Functional,3/30/2024,Component,Minor,Manual Testing,10.44,5
702,43,Cosmetic,4/20/2024,Component,Minor,Visual Inspection,878.23,1
703,34,Structural,1/31/2024,Internal,Minor,Automated Testing,164.64,3
704,7,Structural,2/2/2024,Internal,Critical,Visual Inspection,132.46,4
705,54,Functional,2/3/2024,Internal,Moderate,Automated Testing,789.51,3
706,37,Functional,5/24/2024,Component,Moderate,Visual Inspection,969.4,1
707,86,Functional,3/14/2024,Surface,Critical,Automated Testing,667.18,6
708,22,Functional,4/9/2024,Component,Minor,Manual Testing,781.35,5
709,79,Functional,3/10/2024,Component,Minor,Automated Testing,711.6,2
710,4,Cosmetic,6/26/2024,Surface,Moderate,Visual Inspection,91.9,0
711,36,Cosmetic,5/28/2024,Internal,Minor,Manual Testing,767.74,0
712,74,Structural,3/30/2024,Surface,Minor,Visual Inspection,535.88,4
713,36,Structural,2/29/2024,Internal,Critical,Automated Testing,390.43,3
714,66,Cosmetic,6/4/2024,Component,Minor,Visual Inspection,932.34,1
715,27,Functional,4/21/2024,Surface,Moderate,Manual Testing,763.5,5
716,86,Structural,4/5/2024,Surface,Minor,Visual Inspection,438.58,4
717,84,Cosmetic,1/1/2024,Internal,Minor,Manual Testing,147.94,0
718,33,Cosmetic,3/11/2024,Internal,Minor,Automated Testing,967.35,3
719,18,Cosmetic,4/4/2024,Internal,Minor,Manual Testing,909.42,0
720,77,Functional,2/2/2024,Internal,Moderate,Manual Testing,617.24,5
721,44,Cosmetic,4/26/2024,Component,Moderate,Manual Testing,552.0,0
722,76,Structural,3/10/2024,Internal,Minor,Manual Testing,746.64,4
723,25,Structural,1/27/2024,Internal,Critical,Visual Inspection,133.43,4
724,58,Structural,2/21/2024,Surface,Moderate,Manual Testing,437.82,4
725,15,Cosmetic,3/27/2024,Surface,Minor,Visual Inspection,713.29,0
726,24,Cosmetic,2/25/2024,Surface,Critical,Automated Testing,321.04,6
727,92,Functional,1/12/2024,Surface,Minor,Automated Testing,988.41,6
728,5,Structural,1/10/2024,Component,Critical,Manual Testing,164.56,4
729,74,Structural,2/28/2024,Component,Moderate,Manual Testing,357.07,4
730,31,Structural,3/19/2024,Surface,Minor,Automated Testing,189.23,6
731,37,Cosmetic,5/30/2024,Component,Moderate,Manual Testing,840.24,0
732,44,Structural,2/21/2024,Internal,Minor,Automated Testing,630.5,3
733,28,Functional,2/6/2024,Surface,Moderate,Manual Testing,584.54,5
734,85,Functional,2/16/2024,Surface,Moderate,Automated Testing,995.47,6
735,60,Structural,2/12/2024,Surface,Critical,Manual Testing,894.31,4
736,63,Functional,1/21/2024,Component,Minor,Automated Testing,420.57,2
737,46,Structural,4/14/2024,Component,Moderate,Visual Inspection,71.86,1
738,81,Structural,5/4/2024,Internal,Minor,Manual Testing,895.96,4
739,98,Cosmetic,2/4/2024,Component,Moderate,Manual Testing,491.28,0
740,79,Functional,4/23/2024,Internal,Moderate,Manual Testing,63.99,5
741,91,Cosmetic,4/6/2024,Internal,Minor,Visual Inspection,409.99,0
742,51,Cosmetic,1/6/2024,Internal,Critical,Automated Testing,391.78,3
743,27,Cosmetic,1/24/2024,Internal,Minor,Manual Testing,921.78,0
744,30,Cosmetic,6/10/2024,Component,Minor,Manual Testing,789.34,0
745,97,Cosmetic,5/8/2024,Internal,Moderate,Visual Inspection,862.7,0
746,93,Structural,2/9/2024,Component,Minor,Manual Testing,395.02,4
747,52,Cosmetic,3/3/2024,Surface,Minor,Visual Inspection,507.39,0
748,41,Cosmetic,2/14/2024,Internal,Moderate,Manual Testing,990.02,0
749,64,Functional,6/17/2024,Component,Minor,Visual Inspection,466.97,1
750,9,Functional,3/23/2024,Surface,Moderate,Manual Testing,49.52,5
751,42,Functional,1/14/2024,Component,Minor,Manual Testing,543.93,5
752,81,Functional,5/12/2024,Surface,Moderate,Automated Testing,688.91,6
753,83,Cosmetic,1/8/2024,Surface,Critical,Visual Inspection,140.96,0
754,17,Structural,1/13/2024,Component,Minor,Manual Testing,624.69,4
755,90,Cosmetic,1/1/2024,Component,Critical,Manual Testing,317.5,0
756,77,Functional,6/12/2024,Component,Minor,Manual Testing,363.84,5
757,40,Functional,3/17/2024,Surface,Moderate,Manual Testing,472.15,5
758,12,Cosmetic,1/22/2024,Internal,Moderate,Automated Testing,765.19,3
759,40,Cosmetic,3/23/2024,Surface,Moderate,Manual Testing,551.79,0
760,31,Structural,6/22/2024,Surface,Critical,Manual Testing,950.2,4
761,67,Functional,1/5/2024,Component,Critical,Automated Testing,749.01,2
762,27,Cosmetic,2/15/2024,Internal,Critical,Manual Testing,917.24,0
763,44,Cosmetic,4/24/2024,Component,Minor,Automated Testing,527.76,2
764,40,Structural,4/26/2024,Internal,Minor,Visual Inspection,615.24,4
765,70,Structural,4/26/2024,Component,Minor,Visual Inspection,610.26,1
766,49,Cosmetic,4/6/2024,Component,Moderate,Visual Inspection,305.36,1
767,81,Structural,3/23/2024,Component,Minor,Automated Testing,753.7,2
768,48,Cosmetic,1/9/2024,Internal,Moderate,Visual Inspection,67.49,0
769,83,Structural,6/26/2024,Component,Minor,Visual Inspection,655.26,1
770,56,Structural,4/24/2024,Surface,Moderate,Visual Inspection,119.28,4
771,97,Structural,1/13/2024,Internal,Critical,Manual Testing,617.35,4
772,1,Cosmetic,6/11/2024,Surface,Critical,Manual Testing,514.52,0
773,57,Functional,3/30/2024,Component,Minor,Automated Testing,552.3,2
774,35,Structural,3/17/2024,Surface,Critical,Manual Testing,957.27,4
775,22,Cosmetic,5/16/2024,Surface,Minor,Visual Inspection,379.78,0
776,37,Structural,5/2/2024,Surface,Minor,Automated Testing,20.93,6
777,59,Functional,5/31/2024,Component,Moderate,Visual Inspection,698.16,1
778,31,Functional,1/16/2024,Component,Critical,Manual Testing,270.7,5
779,71,Structural,3/24/2024,Internal,Critical,Manual Testing,733.76,4
780,81,Functional,2/5/2024,Surface,Minor,Manual Testing,918.81,5
781,10,Cosmetic,5/30/2024,Component,Minor,Manual Testing,830.39,0
782,92,Functional,4/4/2024,Internal,Moderate,Visual Inspection,429.08,5
783,73,Cosmetic,4/9/2024,Internal,Moderate,Automated Testing,800.91,3
784,2,Functional,3/30/2024,Surface,Moderate,Automated Testing,36.5,6
785,63,Cosmetic,4/7/2024,Surface,Moderate,Visual Inspection,861.84,0
786,54,Cosmetic,6/24/2024,Surface,Minor,Automated Testing,947.21,6
787,36,Functional,1/23/2024,Surface,Minor,Manual Testing,37.44,5
788,41,Structural,1/25/2024,Component,Critical,Automated Testing,571.65,2
789,54,Structural,1/21/2024,Surface,Minor,Automated Testing,331.32,6
790,3,Structural,3/10/2024,Internal,Critical,Manual Testing,212.4,4
791,94,Functional,4/15/2024,Surface,Minor,Automated Testing,451.46,6
792,99,Functional,3/5/2024,Internal,Minor,Manual Testing,948.05,5
793,79,Functional,5/7/2024,Component,Moderate,Visual Inspection,111.39,1
794,81,Structural,3/21/2024,Internal,Critical,Automated Testing,281.41,3
795,83,Structural,3/8/2024,Internal,Minor,Automated Testing,866.14,3
796,83,Structural,5/8/2024,Component,Minor,Visual Inspection,545.23,1
797,62,Cosmetic,6/9/2024,Surface,Moderate,Visual Inspection,545.72,0
798,77,Functional,5/10/2024,Component,Critical,Visual Inspection,395.56,1
799,87,Structural,6/8/2024,Component,Moderate,Manual Testing,914.5,4
800,38,Cosmetic,5/30/2024,Internal,Minor,Automated Testing,339.94,3
801,77,Cosmetic,3/18/2024,Surface,Moderate,Visual Inspection,206.92,0
802,98,Functional,3/17/2024,Component,Moderate,Visual Inspection,336.29,1
803,93,Structural,1/8/2024,Internal,Critical,Visual Inspection,911.03,4
804,13,Structural,1/6/2024,Surface,Minor,Visual Inspection,720.18,4
805,23,Functional,4/17/2024,Surface,Moderate,Manual Testing,602.51,5
806,22,Functional,4/8/2024,Internal,Critical,Manual Testing,996.6,5
807,99,Cosmetic,1/28/2024,Surface,Minor,Automated Testing,373.64,6
808,99,Cosmetic,3/30/2024,Component,Minor,Visual Inspection,792.57,1
809,8,Structural,3/19/2024,Surface,Minor,Visual Inspection,956.44,4
810,77,Functional,6/30/2024,Component,Critical,Manual Testing,916.1,5
811,7,Functional,5/15/2024,Surface,Moderate,Visual Inspection,93.31,5
812,76,Structural,3/18/2024,Internal,Critical,Automated Testing,576.28,3
813,93,Functional,5/6/2024,Surface,Minor,Visual Inspection,89.52,5
814,79,Structural,1/6/2024,Component,Minor,Manual Testing,381.12,4
815,65,Structural,6/21/2024,Surface,Moderate,Visual Inspection,686.02,4
816,43,Functional,3/17/2024,Surface,Minor,Manual Testing,585.81,5
817,96,Structural,3/31/2024,Internal,Critical,Automated Testing,28.26,3
818,82,Functional,3/6/2024,Component,Critical,Visual Inspection,858.99,1
819,63,Cosmetic,2/28/2024,Surface,Critical,Automated Testing,373.68,6
820,61,Functional,2/19/2024,Component,Critical,Manual Testing,937.41,5
821,65,Cosmetic,2/11/2024,Surface,Moderate,Visual Inspection,960.72,0
822,41,Functional,2/25/2024,Component,Moderate,Manual Testing,988.9,5
823,88,Cosmetic,1/29/2024,Internal,Minor,Automated Testing,890.34,3
824,45,Structural,2/13/2024,Component,Minor,Automated Testing,838.89,2
825,26,Functional,1/26/2024,Component,Moderate,Automated Testing,90.18,2
826,8,Cosmetic,1/26/2024,Component,Minor,Manual Testing,693.38,0
827,96,Cosmetic,1/19/2024,Component,Minor,Manual Testing,904.55,0
828,25,Functional,5/12/2024,Surface,Critical,Manual Testing,446.66,5
829,90,Cosmetic,2/12/2024,Internal,Critical,Automated Testing,561.22,3
830,62,Cosmetic,4/12/2024,Surface,Moderate,Visual Inspection,227.29,0
831,57,Structural,4/24/2024,Internal,Critical,Manual Testing,129.15,4
832,37,Cosmetic,6/2/2024,Surface,Critical,Automated Testing,105.91,6
833,90,Cosmetic,2/15/2024,Component,Minor,Visual Inspection,833.94,1
834,4,Structural,4/9/2024,Internal,Moderate,Automated Testing,10.55,3
835,69,Functional,1/2/2024,Surface,Critical,Automated Testing,744.8,6
836,95,Structural,5/8/2024,Surface,Critical,Automated Testing,114.02,6
837,30,Functional,3/10/2024,Surface,Minor,Manual Testing,113.95,5
838,76,Structural,6/14/2024,Surface,Critical,Automated Testing,390.19,6
839,26,Cosmetic,5/11/2024,Surface,Critical,Automated Testing,418.17,6
840,95,Structural,2/16/2024,Surface,Moderate,Automated Testing,536.08,6
841,49,Structural,1/25/2024,Component,Minor,Manual Testing,857.55,4
842,32,Functional,1/13/2024,Surface,Minor,Automated Testing,800.23,6
843,97,Functional,4/30/2024,Surface,Moderate,Visual Inspection,526.93,5
844,83,Structural,2/18/2024,Component,Critical,Automated Testing,97.57,2
845,50,Cosmetic,2/27/2024,Component,Moderate,Automated Testing,438.29,2
846,48,Structural,6/25/2024,Internal,Minor,Manual Testing,937.74,4
847,33,Functional,6/22/2024,Component,Moderate,Visual Inspection,261.19,1
848,28,Functional,5/1/2024,Component,Critical,Visual Inspection,155.84,1
849,100,Cosmetic,6/1/2024,Component,Critical,Visual Inspection,761.38,1
850,10,Structural,6/24/2024,Component,Moderate,Automated Testing,693.41,2
851,95,Functional,3/20/2024,Component,Moderate,Automated Testing,319.06,2
852,7,Functional,3/2/2024,Internal,Moderate,Visual Inspection,451.5,5
853,12,Structural,5/5/2024,Surface,Moderate,Automated Testing,497.38,6
854,14,Functional,6/30/2024,Surface,Minor,Visual Inspection,556.73,5
855,31,Cosmetic,2/7/2024,Component,Critical,Visual Inspection,414.41,1
856,20,Structural,2/1/2024,Surface,Critical,Manual Testing,450.18,4
857,49,Functional,4/10/2024,Component,Moderate,Automated Testing,992.76,2
858,51,Structural,5/12/2024,Surface,Minor,Visual Inspection,797.39,4
859,25,Cosmetic,3/25/2024,Internal,Minor,Manual Testing,651.04,0
860,10,Structural,6/24/2024,Component,Moderate,Visual Inspection,862.64,1
861,51,Structural,1/11/2024,Surface,Critical,Automated Testing,915.73,6
862,63,Structural,2/16/2024,Component,Critical,Visual Inspection,445.47,1
863,46,Functional,3/16/2024,Surface,Critical,Automated Testing,789.92,6
864,95,Cosmetic,1/3/2024,Component,Critical,Manual Testing,951.99,0
865,97,Structural,6/14/2024,Surface,Critical,Visual Inspection,345.34,4
866,99,Cosmetic,2/22/2024,Surface,Minor,Visual Inspection,119.16,0
867,9,Cosmetic,3/16/2024,Surface,Minor,Automated Testing,649.87,6
868,38,Cosmetic,5/10/2024,Surface,Critical,Manual Testing,141.43,0
869,55,Functional,6/8/2024,Surface,Critical,Manual Testing,753.6,5
870,39,Structural,5/4/2024,Internal,Critical,Visual Inspection,210.03,4
871,59,Structural,6/13/2024,Surface,Critical,Manual Testing,992.01,4
872,1,Functional,5/20/2024,Internal,Minor,Automated Testing,148.15,3
873,5,Functional,1/5/2024,Surface,Critical,Visual Inspection,577.39,5
874,1,Cosmetic,4/19/2024,Surface,Critical,Visual Inspection,98.45,0
875,81,Structural,4/18/2024,Component,Moderate,Manual Testing,734.65,4
876,31,Cosmetic,3/31/2024,Surface,Critical,Manual Testing,485.93,0
877,67,Structural,2/4/2024,Component,Minor,Automated Testing,505.47,2
878,13,Functional,5/20/2024,Internal,Critical,Automated Testing,769.34,3
879,37,Structural,3/11/2024,Internal,Moderate,Manual Testing,939.94,4
880,91,Cosmetic,4/19/2024,Surface,Minor,Visual Inspection,18.7,0
881,26,Functional,1/21/2024,Internal,Minor,Automated Testing,892.85,3
882,39,Functional,5/21/2024,Component,Moderate,Automated Testing,85.21,2
883,35,Functional,6/6/2024,Component,Minor,Visual Inspection,20.83,1
884,4,Cosmetic,4/1/2024,Internal,Minor,Manual Testing,800.02,0
885,28,Cosmetic,6/7/2024,Surface,Critical,Visual Inspection,525.36,0
886,4,Structural,4/29/2024,Surface,Minor,Visual Inspection,164.46,4
887,95,Structural,5/29/2024,Component,Moderate,Manual Testing,452.93,4
888,17,Cosmetic,4/16/2024,Component,Critical,Automated Testing,729.83,2
889,52,Functional,5/5/2024,Component,Moderate,Automated Testing,138.24,2
890,49,Structural,6/5/2024,Internal,Minor,Automated Testing,901.01,3
891,90,Functional,6/17/2024,Internal,Minor,Manual Testing,780.69,5
892,4,Structural,5/12/2024,Internal,Critical,Automated Testing,280.56,3
893,64,Structural,4/7/2024,Surface,Minor,Manual Testing,437.25,4
894,73,Structural,5/19/2024,Surface,Minor,Manual Testing,902.78,4
895,64,Structural,1/9/2024,Internal,Minor,Visual Inspection,687.38,4
896,64,Structural,3/29/2024,Internal,Minor,Manual Testing,436.79,4
897,56,Functional,5/15/2024,Internal,Minor,Manual Testing,991.95,5
898,58,Structural,5/16/2024,Surface,Moderate,Manual Testing,247.97,4
899,65,Cosmetic,3/16/2024,Component,Critical,Manual Testing,895.77,0
900,84,Functional,2/16/2024,Surface,Critical,Manual Testing,628.29,5
901,27,Cosmetic,3/20/2024,Internal,Critical,Manual Testing,40.8,0
902,60,Structural,3/12/2024,Component,Minor,Manual Testing,709.87,4
903,88,Functional,5/24/2024,Surface,Minor,Automated Testing,450.31,6
904,4,Cosmetic,4/8/2024,Surface,Moderate,Visual Inspection,577.2,0
905,100,Functional,2/7/2024,Surface,Minor,Manual Testing,431.46,5
906,6,Structural,1/25/2024,Surface,Critical,Visual Inspection,62.68,4
907,4,Structural,2/16/2024,Component,Minor,Visual Inspection,988.05,1
908,31,Functional,4/24/2024,Component,Moderate,Manual Testing,156.46,5
909,6,Functional,3/8/2024,Component,Critical,Visual Inspection,32.9,1
910,43,Functional,2/29/2024,Surface,Moderate,Manual Testing,443.75,5
911,82,Functional,6/7/2024,Component,Minor,Visual Inspection,62.7,1
912,46,Functional,4/28/2024,Component,Moderate,Visual Inspection,278.6,1
913,77,Functional,6/26/2024,Surface,Moderate,Automated Testing,213.48,6
914,89,Functional,6/15/2024,Internal,Critical,Automated Testing,90.11,3
915,66,Cosmetic,3/5/2024,Surface,Moderate,Visual Inspection,108.7,0
916,7,Structural,2/21/2024,Surface,Moderate,Visual Inspection,75.06,4
917,66,Cosmetic,1/4/2024,Component,Critical,Automated Testing,511.65,2
918,24,Functional,6/1/2024,Component,Moderate,Visual Inspection,535.87,1
919,35,Cosmetic,3/1/2024,Internal,Minor,Visual Inspection,585.78,0
920,47,Functional,1/3/2024,Surface,Moderate,Visual Inspection,873.58,5
921,91,Cosmetic,3/9/2024,Internal,Moderate,Automated Testing,73.46,3
922,90,Cosmetic,3/17/2024,Component,Minor,Visual Inspection,793.46,1
923,36,Structural,3/29/2024,Surface,Minor,Visual Inspection,893.77,4
924,2,Cosmetic,6/16/2024,Component,Minor,Manual Testing,409.43,0
925,11,Functional,5/3/2024,Internal,Minor,Automated Testing,351.86,3
926,16,Functional,1/12/2024,Internal,Moderate,Automated Testing,933.37,3
927,44,Cosmetic,3/19/2024,Surface,Moderate,Visual Inspection,333.92,0
928,80,Structural,4/27/2024,Internal,Moderate,Manual Testing,904.57,4
929,5,Functional,4/27/2024,Surface,Critical,Visual Inspection,225.51,5
930,52,Functional,5/14/2024,Component,Critical,Automated Testing,664.52,2
931,81,Structural,2/4/2024,Internal,Critical,Automated Testing,486.49,3
932,80,Functional,5/14/2024,Internal,Moderate,Visual Inspection,127.23,5
933,15,Cosmetic,5/16/2024,Internal,Minor,Visual Inspection,121.96,0
934,62,Cosmetic,5/6/2024,Surface,Minor,Manual Testing,267.64,0
935,46,Structural,1/19/2024,Surface,Critical,Automated Testing,298.03,6
936,7,Cosmetic,2/3/2024,Component,Moderate,Automated Testing,604.72,2
937,94,Structural,4/18/2024,Internal,Critical,Manual Testing,749.05,4
938,38,Structural,4/8/2024,Surface,Minor,Manual Testing,499.34,4
939,92,Cosmetic,2/16/2024,Internal,Moderate,Visual Inspection,590.85,0
940,29,Functional,4/1/2024,Internal,Minor,Manual Testing,355.6,5
941,46,Structural,1/27/2024,Component,Minor,Visual Inspection,266.97,1
942,46,Structural,5/29/2024,Surface,Critical,Visual Inspection,160.08,4
943,79,Cosmetic,4/17/2024,Internal,Moderate,Manual Testing,827.64,0
944,72,Functional,3/11/2024,Surface,Minor,Manual Testing,19.83,5
945,10,Cosmetic,5/24/2024,Surface,Minor,Visual Inspection,989.49,0
946,87,Cosmetic,3/3/2024,Internal,Minor,Manual Testing,133.9,0
947,6,Cosmetic,3/3/2024,Internal,Moderate,Visual Inspection,739.33,0
948,70,Structural,2/16/2024,Component,Moderate,Automated Testing,947.83,2
949,60,Structural,4/11/2024,Surface,Critical,Automated Testing,743.44,6
950,23,Structural,2/23/2024,Surface,Critical,Automated Testing,534.79,6
951,2,Functional,6/8/2024,Internal,Moderate,Visual Inspection,479.56,5
952,23,Structural,2/26/2024,Surface,Critical,Visual Inspection,87.89,4
953,81,Functional,3/27/2024,Surface,Minor,Manual Testing,571.61,5
954,46,Structural,6/17/2024,Surface,Moderate,Visual Inspection,485.1,4
955,85,Functional,2/28/2024,Internal,Minor,Manual Testing,289.68,5
956,43,Functional,3/1/2024,Surface,Critical,Manual Testing,962.48,5
957,13,Structural,5/27/2024,Internal,Minor,Automated Testing,13.19,3
958,25,Structural,4/3/2024,Component,Critical,Visual Inspection,298.81,1
959,53,Cosmetic,4/27/2024,Component,Critical,Automated Testing,916.49,2
960,59,Cosmetic,3/19/2024,Internal,Critical,Automated Testing,15.96,3
961,3,Structural,3/29/2024,Component,Moderate,Visual Inspection,383.65,1
962,78,Cosmetic,1/30/2024,Component,Critical,Manual Testing,612.25,0
963,51,Cosmetic,5/26/2024,Component,Minor,Automated Testing,142.0,2
964,45,Functional,2/13/2024,Component,Critical,Manual Testing,685.35,5
965,45,Functional,6/22/2024,Internal,Critical,Visual Inspection,358.46,5
966,54,Functional,3/29/2024,Internal,Moderate,Visual Inspection,310.35,5
967,81,Functional,3/13/2024,Internal,Moderate,Manual Testing,610.75,5
968,92,Structural,3/3/2024,Internal,Moderate,Visual Inspection,523.61,4
969,6,Structural,3/15/2024,Surface,Minor,Manual Testing,945.17,4
970,33,Structural,1/28/2024,Internal,Minor,Visual Inspection,708.97,4
971,50,Cosmetic,4/7/2024,Component,Minor,Automated Testing,309.87,2
972,97,Cosmetic,1/4/2024,Surface,Critical,Manual Testing,565.48,0
973,14,Structural,6/14/2024,Surface,Critical,Automated Testing,859.52,6
974,39,Cosmetic,1/21/2024,Internal,Critical,Manual Testing,140.02,0
975,3,Functional,1/1/2024,Component,Moderate,Automated Testing,626.35,2
976,79,Cosmetic,5/18/2024,Component,Moderate,Visual Inspection,807.32,1
977,96,Structural,6/8/2024,Internal,Critical,Automated Testing,888.55,3
978,57,Functional,1/29/2024,Component,Moderate,Automated Testing,440.85,2
979,1,Functional,1/11/2024,Internal,Critical,Manual Testing,652.97,5
980,39,Functional,2/29/2024,Internal,Moderate,Visual Inspection,725.44,5
981,75,Cosmetic,1/16/2024,Internal,Minor,Manual Testing,843.66,0
982,9,Cosmetic,3/15/2024,Component,Moderate,Visual Inspection,611.8,1
983,76,Functional,5/16/2024,Surface,Moderate,Automated Testing,712.12,6
984,43,Functional,6/22/2024,Internal,Critical,Manual Testing,941.33,5
985,99,Functional,2/2/2024,Internal,Critical,Automated Testing,112.15,3
986,47,Structural,2/8/2024,Internal,Moderate,Automated Testing,284.7,3
987,26,Cosmetic,5/22/2024,Internal,Minor,Visual Inspection,694.09,0
988,50,Cosmetic,2/5/2024,Surface,Moderate,Automated Testing,102.98,6
989,11,Cosmetic,1/1/2024,Component,Critical,Visual Inspection,398.32,1
990,45,Cosmetic,6/11/2024,Component,Critical,Manual Testing,576.07,0
991,10,Cosmetic,6/8/2024,Internal,Minor,Visual Inspection,51.79,0
992,7,Cosmetic,1/25/2024,Internal,Critical,Visual Inspection,426.31,0
993,83,Functional,3/14/2024,Internal,Critical,Manual Testing,808.65,5
994,77,Cosmetic,2/11/2024,Component,Minor,Visual Inspection,970.37,1
995,41,Cosmetic,1/28/2024,Internal,Moderate,Automated Testing,67.54,3
996,25,Structural,3/1/2024,Component,Minor,Automated Testing,813.14,2
997,23,Functional,3/21/2024,Component,Moderate,Automated Testing,944.07,2
998,17,Structural,1/16/2024,Component,Minor,Automated Testing,401.12,2
999,96,Cosmetic,6/21/2024,Internal,Moderate,Manual Testing,775.63,0
1000,1,Cosmetic,3/23/2024,Component,Minor,Visual Inspection,963.4,1
